,school,cwur,shanghai,times
0,HarvardUniversity,1.0,1,6
1,StanfordUniversity,2.0,2,3
2,MassachusettsInstituteofTechnology,3.0,,5
3,UniversityofCambridge,4.0,5,4
4,UniversityofOxford,5.0,10,2
5,ColumbiaUniversity,6.0,8,15
6,UniversityofCaliforniaBerkeley,7.0,4,13
7,UniversityofChicago,8.0,9,10
8,PrincetonUniversity,9.0,6,7
9,CornellUniversity,10.0,13,18
10,YaleUniversity,11.0,11,12
11,CaliforniaInstituteofTechnology,12.0,7,1
12,UniversityofTokyo,13.0,21,43
13,UniversityofPennsylvania,14.0,17,17
14,UniversityofCaliforniaLosAngeles,15.0,12,16
15,JohnsHopkinsUniversity,16.0,16,11
16,KyotoUniversity,17.0,26,88
17,NewYorkUniversity,18.0,27,30
18,UniversityofMichiganAnnArbor,19.0,22,
19,SwissFederalInstituteofTechnologyZurich,20.0,20,
20,UniversityofCaliforniaSanDiego,21.0,14,39
21,NorthwesternUniversity,22.0,27,25
22,HebrewUniversityofJerusalem,23.0,67,178
23,SeoulNationalUniversity,24.0,101-150,85
24,UniversityofWisconsinMadison,25.0,24,50
25,UniversityofCaliforniaSanFrancisco,26.0,18,
26,UniversityCollegeLondon,27.0,18,14
27,DukeUniversity,28.0,31,20
28,RockefellerUniversity,29.0,33,
29,UniversityofTexasatAustin,30.0,37,46
30,UniversityofWashingtonSeattle,31.0,,
31,UniversityofToronto,32.0,25,19
32,UniversityofIllinoisatUrbanaChampaign,33.0,29,36
33,KeioUniversity,34.0,301-400,501-600
34,ImperialCollegeLondon,35.0,,8
35,ÉcolePolytechnique,36.0,,101
36,ÉcolenormalesupérieureParis,37.0,,
37,WasedaUniversity,38.0,,601-800
38,WeizmannInstituteofScience,39.0,101-150,
39,UniversityofNorthCarolinaatChapelHill,40.0,39,63
40,UniversityofVirginia,41.0,101-150,147
41,McGillUniversity,42.0,64,38
42,PurdueUniversityWestLafayette,43.0,61,
43,DartmouthCollege,44.0,201-300,104
44,OsakaUniversity,45.0,85,251-300
45,UniversityofPittsburghPittsburghCampus,46.0,70,
46,PennsylvaniaStateUniversityUniversityPark,47.0,60,
47,UniversityofMinnesotaTwinCities,48.0,30,
48,OhioStateUniversityColumbus,49.0,67,
49,RutgersUniversityNewBrunswick,50.0,,
50,UniversityofSournCalifornia,51.0,49,68
51,WashingtonUniversitySt.Louis,52.0,32,
52,UniversityofCaliforniaDavis,53.0,57,44
53,UniversityofColoradoBoulder,54.0,,127
54,UniversityofEdinburgh,55.0,47,24
55,PekingUniversity,56.0,101-150,42
56,NationalTaiwanUniversity,57.0,151-200,167
57,UniversityofParisSud,58.0,,
58,LomonosovMoscowStateUniversity,59.0,,161
59,UniversityofFlorida,60.0,83,120
60,CarnegieMellonUniversity,61.0,61,22
61,UniversityofBritishColumbia,62.0,40,34
62,PierreandMarieCurieUniversity,63.0,,113
63,UniversityofCaliforniaSantaBarbara,64.0,38,39
64,NationalUniversityofSingapore,65.0,101-150,26
65,BostonUniversity,66.0,73,64
66,UniversityofManchester,67.0,41,56
67,UniversityofArizona,68.0,90,163
68,VanderbiltUniversity,69.0,53,87
69,UniversityofUtah,70.0,93,182
70,KarolinskaInstitute,71.0,48,28
71,UniversityofMarylandCollegePark,72.0,43,117
72,TohokuUniversity,73.0,101-150,201-250
73,UniversityofCopenhagen,74.0,35,82
74,UniversityofTexasSouthwesternMedicalCenter,75.0,,
75,RuprechtKarlUniversityofHeidelberg,76.0,,
76,UniversityofNotreDame,77.0,201-300,108
77,TsinghuaUniversity,78.0,101-150,47
78,LudwigMaximilianUniversityofMunich,79.0,,
79,GeorgiaInstituteofTechnology,80.0,101-150,41
80,UniversityofRochester,81.0,101-150,158
81,KatholiekeUniversiteitLeuven,82.0,,
82,BrownUniversity,83.0,75,51
83,EmoryUniversity,84.0,101-150,90
84,ErasmusUniversityRotterdam,85.0,,71
85,TelAvivUniversity,86.0,151-200,201-250
86,UtrechtUniversity,87.0,56,62
87,UniversityofSydney,88.0,101-150,56
88,UniversityofCaliforniaIrvine,89.0,50,106
89,UniversityofTexasMDAndersonCancerCenter,90.0,,
90,SwissFederalInstituteofTechnologyLausanne,91.0,101-150,
91,UniversityofGeneva,92.0,58,131
92,UniversityofMelbourne,93.0,44,33
93,King'sCollegeLondon,94.0,55,
94,TuftsUniversity,95.0,101-150,127
95,UniversityofZurich,96.0,54,104
96,ArizonaStateUniversity,97.0,93,189
97,YonseiUniversity,98.0,201-300,301-350
98,UniversityofOslo,99.0,58,135
99,KyushuUniversity,100.0,201-300,401-500
100,TechnicalUniversityofMunich,101.0,,53
101,TexasA&MUniversityCollegeStation,102.0,,
102,UniversityofQueensland,103.0,77,60
103,MinesParisTech,104.0,,
104,CaseWesternReserveUniversity,105.0,101-150,133
105,IndianaUniversityBloomington,106.0,101-150,
106,UniversityofAlberta,107.0,101-150,137
107,LeidenUniversity,108.0,82,67
108,TokyoInstituteofTechnology,109.0,151-200,201-250
109,UniversityofGroningen,110.0,75,74
110,UniversityofHelsinki,111.0,67,76
111,SapienzaUniversityofRome,112.0,151-200,201-250
112,GeorgetownUniversity,113.0,301-400,94
113,UniversityofAmsterdam,114.0,101-150,58
114,KoreaUniversity,115.0,201-300,251-300
115,UniversityofBarcelona,116.0,151-200,174
116,LundUniversity,117.0,101-150,90
117,MichiganStateUniversity,118.0,99,99
118,GhentUniversity,119.0,71,118
119,RiceUniversity,120.0,84,101
120,BaylorCollegeofMedicine,121.0,101-150,
121,AarhusUniversity,122.0,73,106
122,UniversityofBristol,123.0,66,69
123,UppsalaUniversity,124.0,61,81
124,NagoyaUniversity,125.0,77,301-350
125,RoyalInstituteofTechnology,126.0,,
126,UniversityofColoradoDenver,127.0,,
127,UniversityofGlasgow,128.0,101-150,76
128,VUUniversityAmsterdam,129.0,98,154
129,UniversityofNewSouthWales,130.0,101-150,82
130,ParisDiderotUniversityParis7,131.0,,199
131,UniversityofSãoPaulo,132.0,,251-300
132,WesternUniversity(UniversityofWesternOntario),133.0,,
133,RadboudUniversityNijmegen,134.0,101-150,125
134,NanyangTechnologicalUniversity,135.0,151-200,55
135,TechnionIsraelInstituteofTechnology,136.0,77,301-350
136,UniversityofMiami,137.0,151-200,161
137,StonyBrookUniversity,138.0,201-300,201-250
138,UniversityofTexasatDallas,139.0,301-400,201-250
139,UniversityofNottingham,140.0,101-150,143
140,UniversityofIowa,141.0,151-200,201-250
141,SournMethodistUniversity,142.0,,
142,IcahnSchoolofMedicineatMountSinai,143.0,101-150,
143,KoreaAdvancedInstituteofScienceandTechnology(KAIST),144.0,,148
144,MonashUniversity,145.0,101-150,73
145,UniversityofAlabamaatBirmingham,146.0,201-300,
146,FreeUniversityofBerlin,147.0,,72
147,UniversityofSouthampton,148.0,101-150,110
148,UniversityofWitwatersrand,149.0,201-300,201-250
149,McMasterUniversity,150.0,96,94
150,UniversityofMontreal,151.0,101-150,113
151,UniversityofBirmingham,152.0,101-150,119
152,HumboldtUniversityofBerlin,153.0,,49
153,UniversityofCaliforniaSantaCruz,154.0,93,144
154,AlbertLudwigUniversityofFreiburg,155.0,,
155,UniversityofTübingen,156.0,,78
156,UniversityofCincinnati,157.0,201-300,301-350
157,UniversityofBonn,158.0,97,94
158,WakeForestUniversity,159.0,401-500,201-250
159,UniversityofBasel,160.0,87,101
160,UniversityofLeeds,161.0,101-150,133
161,UniversityofHamburg,162.0,151-200,
162,UniversitélibredeBruxelles,163.0,,
163,IndianaUniversityPurdueUniversityIndianapolis,164.0,,
164,PohangUniversityofScienceandTechnology,165.0,301-400,116
165,OregonHealth&ScienceUniversity,166.0,,
166,UniversityofCalgary,167.0,201-300,201-250
167,StockholmUniversity,168.0,77,136
168,UniversityofPadua,169.0,151-200,301-350
169,UniversityofHongKong,170.0,151-200,44
170,YeshivaUniversity,171.0,201-300,164
171,UniversityofMilan,172.0,151-200,301-350
172,UniversityofSheffield,173.0,101-150,97
173,TechnicalUniversityofDenmark,174.0,101-150,167
174,UniversityofMarylandBaltimore,175.0,201-300,
175,GoeUniversityFrankfurt,176.0,,201-250
176,UniversityofGöttingen,177.0,,99
177,HokkaidoUniversity,178.0,151-200,401-500
178,AustralianNationalUniversity,179.0,77,52
179,ShanghaiJiaoTongUniversity,180.0,101-150,301-350
180,UniversityofNewMexico,181.0,,351-400
181,UniversityofStrasbourg,182.0,87,301-350
182,UniversityofMassachusettsMedicalSchool,183.0,,
183,UniversityofHouston,184.0,201-300,351-400
184,TrinityCollegeDublin,185.0,151-200,160
185,UniversityofLausanne,186.0,201-300,144
186,IowaStateUniversity,187.0,151-200,251-300
187,JosephFourierUniversity,188.0,,201-250
188,WayneStateUniversity,189.0,301-400,351-400
189,UniversityofSouthFloridaTampa,190.0,,
190,ZhejiangUniversity,191.0,101-150,251-300
191,HanyangUniversity,192.0,301-400,351-400
192,UniversityofOttawa,193.0,201-300,201-250
193,UniversityofMissouriColumbia,194.0,301-400,
194,FudanUniversity,195.0,151-200,201-250
195,UniversityofKansas,196.0,201-300,
196,UniversityofCologne,197.0,,156
197,UniversityofGeorgia,198.0,151-200,251-300
198,UniversityofLiverpool,199.0,101-150,157
199,UniversityofBern,200.0,151-200,120
200,CardiffUniversity,201.0,151-200,182
201,GeorgeWashingtonUniversity,202.0,201-300,201-250
202,UniversityofIllinoisatChicago,203.0,151-200,201-250
203,UniversityofErlangenNuremberg,204.0,201-300,123
204,UniversityofMünster,205.0,,125
205,AixMarseilleUniversity,206.0,101-150,251-300
206,ClaudeBernardUniversityLyon1,207.0,201-300,401-500
207,UniversityofBologna,208.0,201-300,201-250
208,QueenMaryUniversityofLondon,209.0,151-200,98
209,DresdenUniversityofTechnology,210.0,,
210,SungkyunkwanUniversity,211.0,201-300,
211,NewcastleUniversity,212.0,201-300,196
212,KarlsruheInstituteofTechnology,213.0,,138
213,UniversityofCaliforniaRiverside,214.0,101-150,167
214,UniversityofKiel,215.0,151-200,201-250
215,UniversityofWesternAustralia,216.0,87,109
216,ParisDescartesUniversity,217.0,,201-250
217,UniversityofConnecticut,218.0,301-400,301-350
218,UniversityofMassachusettsAmherst,219.0,101-150,
219,ChineseUniversityofHongKong,220.0,151-200,138
220,UniversityofTurin,221.0,151-200,301-350
221,UniversityofManitoba,222.0,301-400,351-400
222,UniversityofVienna,223.0,151-200,142
223,UniversityofMontpellier,224.0,201-300,
224,MaastrichtUniversity,225.0,201-300,88
225,NationalChengKungUniversity,226.0,301-400,401-500
226,UniversityofTennesseeKnoxville,227.0,151-200,251-300
227,ComplutenseUniversityofMadrid,228.0,201-300,401-500
228,LavalUniversity,229.0,201-300,201-250
229,RWTHAachenUniversity,230.0,201-300,110
230,UniversitécatholiquedeLouvain,231.0,,
231,NorthCarolinaStateUniversity,232.0,,251-300
232,JohannesGutenbergUniversityofMainz,233.0,,201-250
233,UniversityofTexasHealthScienceCenteratSanAntonio,234.0,301-400,
234,JuliusMaximilian'sUniversityofWürzburg,235.0,,
235,PaulSabatierUniversityToulouseIII,236.0,,
236,UniversityofGonburg,237.0,151-200,180
237,UniversityCollegeDublin,238.0,301-400,176
238,UniversityofScienceandTechnologyofChina,239.0,151-200,201-250
239,UniversityofLeicester,240.0,201-300,167
240,AutonomousUniversityofBarcelona,241.0,201-300,146
241,UniversityofDundee,242.0,201-300,185
242,NorwegianUniversityofScienceandTechnology,243.0,,351-400
243,NanjingUniversity,244.0,201-300,251-300
244,OkayamaUniversity,245.0,401-500,601-800
245,LondonSchoolofHygiene&TropicalMedicine,246.0,301-400,
246,UniversityofFlorence,247.0,201-300,351-400
247,UniversityofCapeTown,248.0,201-300,120
248,UniversityofTexasHealthScienceCenteratHouston,249.0,201-300,
249,MoscowInstituteofPhysicsandTechnology,250.0,,601-800
250,UniversityofDüsseldorf,251.0,,
251,FloridaStateUniversity,252.0,201-300,201-250
252,UniversityofSussex,253.0,151-200,140
253,ThomasJeffersonUniversity,254.0,301-400,
254,DelftUniversityofTechnology,255.0,201-300,65
255,VirginiaPolytechnicInstituteandStateUniversity,256.0,201-300,251-300
256,UniversityofLisbon,257.0,201-300,501-600
257,DrexelUniversity,258.0,301-400,351-400
258,VirginiaCommonwealthUniversity,259.0,151-200,
259,OregonStateUniversity,260.0,151-200,251-300
260,DurhamUniversity,261.0,201-300,70
261,UniversityofTsukuba,262.0,201-300,401-500
262,UniversityofReading,263.0,301-400,164
263,LehighUniversity,264.0,,401-500
264,MedicalUniversityofVienna,265.0,201-300,201-250
265,UniversityofAuckland,266.0,201-300,172
266,UniversityofKentucky,267.0,201-300,
267,UniversityofNaplesFedericoII,268.0,301-400,301-350
268,UniversityofWaterloo,269.0,201-300,179
269,CharlesUniversityPrague,270.0,201-300,401-500
270,ColoradoStateUniversityFortCollins,271.0,,
271,TulaneUniversity,272.0,301-400,251-300
272,UniversityatBuffaloStateUniversityofNewYork,273.0,201-300,
273,BrandeisUniversity,274.0,201-300,185
274,NorasternUniversity,275.0,201-300,201-250
275,WageningenUniversityandResearchCentre,276.0,,
276,SunYatsenUniversity,277.0,151-200,351-400
277,UniversityofUlm,278.0,301-400,
278,LondonSchoolofEconomics,279.0,,
279,VrijeUniversiteitBrussel,280.0,,301-350
280,UniversityofDelaware,281.0,151-200,251-300
281,RensselaerPolytechnicInstitute,282.0,301-400,251-300
282,UniversityofBergen,283.0,201-300,182
283,Queen'sUniversity,284.0,201-300,
284,UniversityofAberdeen,285.0,201-300,172
285,DalhousieUniversity,286.0,201-300,201-250
286,UmeåUniversity,287.0,,251-300
287,UniversityofDuisburgEssen,288.0,301-400,201-250
288,CityCollegeofNewYork,289.0,,
289,HiroshimaUniversity,290.0,401-500,501-600
290,UniversityofTexasatSanAntonio,291.0,,351-400
291,HannoverMedicalSchool,292.0,301-400,
292,UniversityofWarwick,293.0,92,80
293,UniversityofValencia,294.0,301-400,401-500
294,UniversityofPisa,295.0,151-200,401-500
295,RuhrUniversityBochum,296.0,,251-300
296,MedicalCollegeofWisconsin,297.0,,301-350
297,UniversityofLouisville,298.0,,
298,UniversityofBordeaux,299.0,201-300,251-300
299,UniversityofSouthCarolinaColumbia,300.0,201-300,
300,NationalandKapodistrianUniversityofAns,301.0,301-400,401-500
301,LeipzigUniversity,302.0,,
302,MedicalUniversityofSouthCarolina,303.0,401-500,
303,AutonomousUniversityofMadrid,304.0,201-300,301-350
304,DalianUniversityofTechnology,305.0,301-400,601-800
305,StellenboschUniversity,306.0,401-500,301-350
306,KyungpookNationalUniversity,307.0,401-500,601-800
307,UniversityofPorto,308.0,301-400,401-500
308,UniversityofStAndrews,309.0,301-400,86
309,GwangjuInstituteofScienceandTechnology,310.0,,301-350
310,ChulalongkornUniversity,311.0,,601-800
311,UniversityofAntwerp,312.0,301-400,190
312,XiamenUniversity,313.0,301-400,401-500
313,UniversityofNebraskaLincoln,314.0,201-300,301-350
314,NankaiUniversity,315.0,301-400,
315,UniversityofStuttgart,316.0,201-300,201-250
316,UniversityofRomeTorVergata,317.0,,
317,UniversityofRegensburg,318.0,401-500,
318,HongKongUniversityofScienceandTechnology,319.0,201-300,59
319,KobeUniversity,320.0,301-400,601-800
320,UniversityofLiège,321.0,,251-300
321,FederalUniversityofRiodeJaneiro,322.0,301-400,501-600
322,RushUniversity,323.0,401-500,201-250
323,UniversityofVermont,324.0,301-400,
324,UniversityofYork,325.0,201-300,131
325,BostonCollege,326.0,401-500,190
326,UniversityofPavia,327.0,401-500,301-350
327,UniversityofJena,328.0,401-500,
328,VitaSaluteSanRaffaeleUniversity,329.0,,
329,UniversityofGenoa,330.0,401-500,401-500
330,TianjinUniversity,331.0,301-400,501-600
331,LouisianaStateUniversityBatonRouge,332.0,201-300,
332,UniversityofExeter,333.0,151-200,93
333,NationalAutonomousUniversityofMexico,334.0,201-300,401-500
334,UniversityofAdelaide,335.0,151-200,149
335,UniversityofEastAnglia,336.0,201-300,149
336,YorkUniversity,337.0,,301-350
337,UniversityofNavarra,338.0,,301-350
338,UniversityofOregon,339.0,301-400,301-350
339,StGeorge'sUniversityofLondon,340.0,,
340,IndianInstituteofTechnologyDelhi,341.0,,401-500
341,UniversityofTrieste,342.0,401-500,301-350
342,Queen'sUniversityBelfast,343.0,301-400,
343,UniversityofPerugia,344.0,401-500,
344,TechnicalUniversityofBerlin,345.0,301-400,
345,UniversityofMarburg,346.0,201-300,
346,UniversityofInnsbruck,347.0,201-300,301-350
347,EindhovenUniversityofTechnology,348.0,301-400,176
348,BenGurionUniversityofNegev,349.0,401-500,501-600
349,UniversityofOklahomaNormanCampus,350.0,,
350,WesleyanUniversity,351.0,,
351,UniversityofVictoria,352.0,201-300,201-250
352,KansasStateUniversity,353.0,401-500,501-600
353,HongKongPolytechnicUniversity,354.0,301-400,201-250
354,LinköpingUniversity,355.0,,251-300
355,UniversityofSournDenmark,356.0,201-300,301-350
356,UniversityofOtago,357.0,201-300,201-250
357,JustusLiebigUniversityGiessen,358.0,,251-300
358,UniversityofNewHampshire,359.0,,
359,CollegeofWilliamandMary,360.0,,
360,SanDiegoStateUniversity,361.0,301-400,351-400
361,SimonFraserUniversity,362.0,201-300,251-300
362,UniversityofSantiagodeCompostela,363.0,,501-600
363,SaintLouisUniversity,364.0,401-500,251-300
364,ColoradoSchoolofMines,365.0,,251-300
365,UniversityofEasternFinland,366.0,401-500,351-400
366,UniversityofBuenosAires,367.0,151-200,
367,UniversityofGuelph,368.0,201-300,351-400
368,UniversityofFerrara,369.0,401-500,401-500
369,PolytechnicUniversityofCatalonia,370.0,401-500,401-500
370,VersaillesSaintQuentinenYvelinesUniversity,371.0,,
371,SaarlandUniversity,372.0,,
372,CityUniversityofHongKong,373.0,201-300,201-250
373,DarmstadtUniversityofTechnology,374.0,,
374,PompeuFabraUniversity,375.0,201-300,164
375,PontificalCatholicUniversityofChile,376.0,,401-500
376,UniversityofBariAldoMoro,377.0,,401-500
377,UniversityofTexasMedicalBranchatGalveston,378.0,401-500,
378,UniversityofDelhi,379.0,,601-800
379,WashingtonStateUniversityPullman,380.0,,
380,TempleUniversity,381.0,301-400,351-400
381,UniversityofMilanBicocca,382.0,401-500,301-350
382,UniversityofTurku,383.0,301-400,301-350
383,ChonnamNationalUniversity,384.0,,601-800
384,UniversityofLorraine,385.0,201-300,
385,NationalChiaoTungUniversity,386.0,301-400,301-350
386,CatholicUniversityofSacredHeart,387.0,401-500,401-500
387,UniversityatAlbanySUNY,388.0,,
388,Xi'anJiaotongUniversity,389.0,,
389,EwhaWomansUniversity,390.0,401-500,401-500
390,JilinUniversity,391.0,201-300,601-800
391,TokyoMedicalandDentalUniversity,392.0,401-500,
392,ScuolaNormaleSuperiorediPisa,393.0,,112
393,UniversityofCentralFlorida,394.0,301-400,
394,InnsbruckMedicalUniversity,395.0,,
395,BeijingNormalUniversity,396.0,201-300,
396,PolytechnicUniversityofMilan,397.0,,201-250
397,UniversityofSeville,398.0,401-500,501-600
398,UniversityofNebraskaMedicalCenter,399.0,,351-400
399,HuazhongUniversityofScienceandTechnology,400.0,201-300,501-600
400,KyungHeeUniversity,401.0,301-400,401-500
401,ChalmersUniversityofTechnology,402.0,301-400,201-250
402,BrighamYoungUniversity,403.0,301-400,
403,UniversityofCampinas,404.0,301-400,
404,UniversityofBath,405.0,401-500,251-300
405,SaintPetersburgStateUniversity,406.0,301-400,401-500
406,NationalTsingHuaUniversity,407.0,201-300,251-300
407,UniversityofTwente,408.0,301-400,149
408,UniversityofAlabamaTuscaloosa,409.0,,
409,HarbinInstituteofTechnology,410.0,201-300,501-600
410,UniversityofVerona,411.0,,
411,OklahomaStateUniversityStillwater,412.0,,
412,ShandongUniversity,413.0,301-400,
413,GeorgeMasonUniversity,414.0,151-200,301-350
414,WuhanUniversity,415.0,301-400,401-500
415,SwedishUniversityofAgriculturalSciences,416.0,201-300,201-250
416,ConcordiaUniversity,417.0,,401-500
417,ChibaUniversity,418.0,301-400,601-800
418,KumamotoUniversity,419.0,,601-800
419,TongjiUniversity,420.0,301-400,501-600
420,AaltoUniversity,421.0,401-500,251-300
421,ChonbukNationalUniversity,422.0,,601-800
422,PekingUnionMedicalCollege,423.0,401-500,
423,GeorgiaRegentsUniversity,424.0,,
424,UniversityofChile,425.0,301-400,501-600
425,LancasterUniversity,426.0,301-400,130
426,ViennaUniversityofTechnology,427.0,401-500,251-300
427,UniversityofDenver,428.0,,
428,UniversityofArkansasforMedicalSciences,429.0,,
429,GrenobleInstituteofTechnology,430.0,,
430,UniversityofGranada,431.0,301-400,501-600
431,UniversityofModenaandReggioEmilia,432.0,,351-400
432,AjouUniversity,433.0,,601-800
433,GyeongsangNationalUniversity,434.0,,
434,TechnicalUniversityofMadrid,435.0,,601-800
435,UniversityCollegeCork,436.0,401-500,351-400
436,LoyolaUniversityChicago,437.0,,
437,CentralSouthUniversity,438.0,301-400,
438,SouthChinaUniversityofTechnology,439.0,301-400,501-600
439,PolytechnicUniversityofValencia,440.0,301-400,601-800
440,WestVirginiaUniversity,441.0,,
441,UniversityofTampere,442.0,,401-500
442,SouastUniversity,443.0,301-400,
443,MiamiUniversity,444.0,,601-800
444,UniversityofDayton,445.0,,
445,UniversityofSiena,446.0,,401-500
446,UniversityofOulu,447.0,301-400,351-400
447,IndianInstituteofScience,448.0,301-400,251-300
448,MacquarieUniversity,449.0,201-300,301-350
449,UniversityofRostock,450.0,401-500,
450,JagiellonianUniversity,451.0,301-400,601-800
451,PusanNationalUniversity,452.0,401-500,501-600
452,UniversityofStrathclyde,453.0,,401-500
453,UniversityofNevadaReno,454.0,,
454,UniversityofSaskatchewan,455.0,301-400,401-500
455,UniversityofParma,456.0,401-500,401-500
456,KanazawaUniversity,457.0,401-500,501-600
457,EötvösLorándUniversity,458.0,,601-800
458,AristotleUniversityofssaloniki,459.0,401-500,601-800
459,OhioUniversity,460.0,,601-800
460,UniversityofIceland,461.0,,251-300
461,UniversityofWarsaw,462.0,301-400,501-600
462,SyracuseUniversity,463.0,401-500,251-300
463,BielefeldUniversity,464.0,401-500,251-300
464,JuntendoUniversity,465.0,,601-800
465,UniversityofWyoming,466.0,301-400,
466,UniversityofWollongong,467.0,201-300,251-300
467,NiigataUniversity,468.0,,601-800
468,TexasTechUniversity(TTU),469.0,,
469,MiddleEastTechnicalUniversity,470.0,,501-600
470,ÉcolenormalesupérieuredeLyon,471.0,,
471,BrunelUniversity,472.0,401-500,
472,NihonUniversity,473.0,,
473,OsakaCityUniversity,474.0,,501-600
474,UniversityofRennes1,475.0,401-500,501-600
475,UniversityofOklahomaHealthSciencesCenter,476.0,,
476,EastChinaUniversityofScienceandTechnology,477.0,401-500,401-500
477,UniversityofKwaZuluNatal,478.0,401-500,401-500
478,SichuanUniversity,479.0,301-400,601-800
479,IllinoisInstituteofTechnology,480.0,,
480,TokyoUniversityofScience,481.0,,601-800
481,UniversityofScienceMalaysia,482.0,401-500,
482,ClemsonUniversity,483.0,401-500,601-800
483,UniversityofZaragoza,484.0,401-500,501-600
484,UniversityofBasqueCountry,485.0,401-500,501-600
485,NagasakiUniversity,486.0,,601-800
486,TechnicalUniversityofDortmund,487.0,,301-350
487,UniversityofHawaiiatManoa,488.0,151-200,
488,UniversityofNebraskaOmaha,489.0,,
489,UniversityofKonstanz,490.0,401-500,175
490,PanjabUniversity,491.0,,501-600
491,UniversityofHanover,492.0,,
492,UniversityofMarylandBaltimoreCounty,493.0,401-500,401-500
493,UniversityofNewcastle,494.0,,251-300
494,UniversityofUlsan,495.0,,401-500
495,RenminUniversityofChina,496.0,,501-600
496,MartinLurUniversityofHalleWittenberg,497.0,,
497,UniversityofMalaya,498.0,301-400,
498,UniversityofSavoy,499.0,,
499,UniversityofUdine,500.0,,
500,TokyoMetropolitanUniversity,501.0,,401-500
501,UniversityofSherbrooke,502.0,,
502,UniversityofBrescia,503.0,,401-500
503,UniversityofLjubljana,504.0,401-500,601-800
504,UniversityofNiceSophiaAntipolis,505.0,401-500,401-500
505,UniversityofHull,506.0,,401-500
506,UniversityofCoimbra,507.0,401-500,401-500
507,CreightonUniversity,508.0,,
508,GeorgiaStateUniversity,509.0,,401-500
509,UniversityofWisconsinMilwaukee,510.0,,501-600
510,CatholicUniversityofKorea,511.0,401-500,
511,UniversityofTokushima,512.0,401-500,
512,YokohamaCityUniversity,513.0,,601-800
513,LanzhouUniversity,514.0,301-400,
514,UniversityofCrete,515.0,,351-400
515,SUNYDownstateMedicalCenter,516.0,,
516,UniversityofPotsdam,517.0,,
517,YokohamaNationalUniversity,518.0,,601-800
518,NewMexicoStateUniversity,519.0,,501-600
519,UniversityofBayreuth,520.0,401-500,
520,BarIlanUniversity,521.0,401-500,401-500
521,UniversityofMississippiOxfordCampus,522.0,,
522,UniversityofTasmania,523.0,301-400,251-300
523,GraduateUniversityforAdvancedStudies,524.0,,
524,UniversityofSurrey,525.0,401-500,251-300
525,FederalUniversityofMinasGerais,526.0,401-500,601-800
526,UniversityofTromsøArcticUniversityofNorway,527.0,,
527,UniversityofPalermo,528.0,401-500,401-500
528,ShinshuUniversity,529.0,,601-800
529,UniversityofScienceandTechnologyBeijing,530.0,,601-800
530,UniversityofCatania,531.0,,501-600
531,MahidolUniversity,532.0,,501-600
532,UniversityofCanterbury,533.0,,401-500
533,IndianInstituteofTechnologyMadras,534.0,,401-500
534,UniversityofBremen,535.0,401-500,301-350
535,OttovonGuerickeUniversityMagdeburg,536.0,,
536,UniversityofTartu,537.0,,351-400
537,UniversityofWindsor,538.0,,
538,UniversityofNantes,539.0,,401-500
539,RoyalHollowayUniversityofLondon,540.0,,129
540,JamesCookUniversity,541.0,301-400,251-300
541,NationalYangMingUniversity,542.0,,401-500
542,UniversityofAkron,543.0,,
543,NationalChungHsingUniversity,544.0,,601-800
544,CityUniversityLondon,545.0,,401-500
545,NewYorkMedicalCollege,546.0,,
546,NaraInstituteofScienceandTechnology,547.0,401-500,
547,ÉcoleCentraleParis,548.0,,
548,AuburnUniversity,549.0,401-500,501-600
549,UniversityofArkansasFayetteville,550.0,,
550,UniversityofZagreb,551.0,,
551,UniversityofLübeck,552.0,,
552,HunanUniversity,553.0,,601-800
553,UniversityofMissouriKansasCity,554.0,,
554,TokyoWomen'sMedicalUniversity,555.0,,
555,MontanaStateUniversityBozeman,556.0,,
556,UniversityofAveiro,557.0,,401-500
557,NationalUniversityofIrelandGalway,558.0,,251-300
558,UniversityofOviedo,559.0,,501-600
559,DonggukUniversity,560.0,,
560,UniversityofTrento,561.0,,198
561,UniversityLille1:SciencesandTechnologies,562.0,,
562,ChangGungUniversity,563.0,401-500,601-800
563,NationalCentralUniversity,564.0,,501-600
564,AalborgUniversity,565.0,301-400,201-250
565,UtahStateUniversity,566.0,401-500,
566,BaylorUniversity,567.0,,
567,BangorUniversity,568.0,,301-350
568,KingSaudUniversity,569.0,151-200,501-600
569,UniversityofCagliari,570.0,,401-500
570,KentStateUniversity,571.0,,501-600
571,CentralChinaNormalUniversity,572.0,,
572,UniversityofFribourg,573.0,,201-250
573,MedicalUniversityofGraz,574.0,401-500,
574,SecondUniversityofNaples,575.0,,
575,InternationalSchoolforAdvancedStudies,576.0,,
576,TampereUniversityofTechnology,577.0,,401-500
577,InhaUniversity,578.0,,601-800
578,DeakinUniversity,579.0,301-400,301-350
579,NationalPolytechnicInstituteofToulouse,580.0,,
580,SogangUniversity,581.0,,601-800
581,UniversityofIoannina,582.0,,401-500
582,FederalUniversityofRioGrandedoSul,583.0,401-500,601-800
583,UniversityofGraz,584.0,401-500,401-500
584,UniversityofMontanaMissoula,585.0,301-400,
585,EastChinaNormalUniversity,586.0,,501-600
586,PlymouthUniversity,587.0,,301-350
587,VictoriaUniversityofWellington,588.0,,351-400
588,FederalUniversityofSãoPaulo,589.0,,
589,SournIllinoisUniversityCarbondale,590.0,,
590,UniversityofAlaskaFairbanks,591.0,401-500,301-350
591,UniversityofToledo,592.0,,501-600
592,CarletonUniversity,593.0,401-500,501-600
593,CranfieldUniversity,594.0,,
594,CurtinUniversity,595.0,201-300,401-500
595,IndianInstituteofTechnologyBombay,596.0,,351-400
596,UniversityofPortsmouth,597.0,,401-500
597,OsakaPrefectureUniversity,598.0,,601-800
598,NagoyaCityUniversity,599.0,,
599,LSUHealthSciencesCenterNewOrleans,600.0,,
600,TataInstituteofFundamentalResearch,601.0,,
601,KonkukUniversity,602.0,,601-800
602,UniversityofLaLaguna,603.0,,501-600
603,UniversityofHertfordshire,604.0,,501-600
604,FloridaInternationalUniversity,605.0,401-500,401-500
605,UniversityofRhodeIsland,606.0,401-500,
606,MississippiStateUniversity,607.0,,
607,GunmaUniversity,608.0,,
608,UniversityofNewOrleans,609.0,,
609,PutraUniversityMalaysia,610.0,,
610,MemorialUniversityofNewfoundland,611.0,,501-600
611,UniversidadeNovadeLisboa,612.0,,
612,GriffithUniversity,613.0,301-400,251-300
613,IndianInstituteofTechnologyKharagpur,614.0,,401-500
614,SoochowUniversity(Suzhou),615.0,,
615,TexasA&MHealthScienceCenter,616.0,,
616,SemmelweisUniversity,617.0,,501-600
617,Lille2UniversityofHealthandLaw,618.0,,
618,KagoshimaUniversity,619.0,,
619,FlindersUniversity,620.0,301-400,251-300
620,QueenslandUniversityofTechnology,621.0,401-500,251-300
621,TokaiUniversity,622.0,,601-800
622,IstanbulUniversity,623.0,401-500,601-800
623,TokyoUniversityofAgricultureandTechnology,624.0,,501-600
624,LouisianaTechUniversity,625.0,,
625,UniversityofTexasatArlington,626.0,,501-600
626,ChinaAgriculturalUniversity,627.0,301-400,501-600
627,ChungnamNationalUniversity,628.0,,601-800
628,UniversityofMinho,629.0,,501-600
629,"UniversityofEasternPiedmont""AmedeoAvogadro""Italy3336756721869362364554073944.462015
631""OpenUniversity(UK)",630.0,,
630,UniversityofEssex,632.0,401-500,301-350
631,ParisEstCréteilValdeMarneUniversity,633.0,,
632,HacettepeUniversity,634.0,,601-800
633,StateUniversityofNewYorkUpstateMedicalUniversity,635.0,,
634,BraunschweigUniversityofTechnology,636.0,,
635,UniversityofSalamanca,637.0,,501-600
636,IndianInstituteofTechnologyRoorkee,638.0,,501-600
637,ÖrebroUniversity,639.0,,301-350
638,NorastNormalUniversity,640.0,,
639,UniversityofPatras,641.0,,601-800
640,BeijingUniversityofChemicalTechnology,642.0,,
641,NorrnIllinoisUniversity,643.0,,
642,RoviraiVirgiliUniversity,644.0,,
643,LaTrobeUniversity,645.0,,351-400
644,WarsawUniversityofTechnology,646.0,,601-800
645,BinghamtonUniversity,647.0,,
646,ShizuokaUniversity,648.0,,
647,HongKongBaptistUniversity,649.0,,351-400
648,AlbanyMedicalCollege,650.0,,
649,EhimeUniversity,651.0,,601-800
650,UniversityofLosAndes(Colombia),652.0,,
651,PolytechnicUniversityofTurin,653.0,,351-400
652,UniversityofBurgundy,654.0,,501-600
653,UniversityofIdaho,655.0,,401-500
654,OldDominionUniversity,656.0,,
655,YamaguchiUniversity,657.0,,
656,MasseyUniversity,658.0,,501-600
657,DonghuaUniversity,659.0,,
658,UniversityofBalearicIslands,660.0,,
659,PortlandStateUniversity,661.0,,501-600
660,MarchePolytechnicUniversity,662.0,,401-500
661,UniversityofQuébecatMontreal,663.0,,
662,UNESPSãoPauloStateUniversity,664.0,,
663,LomaLindaUniversity,665.0,,
664,UniversityofToyama,666.0,,
665,UniversityofDebrecen,667.0,,601-800
666,UniversityofMaineOrono,668.0,,
667,GrazUniversityofTechnology,669.0,,351-400
668,GifuUniversity,670.0,,601-800
669,UniversityofJyväskylä,671.0,,351-400
670,UniversityofParis13,672.0,,
671,UniversityofGirona,673.0,,
672,KeeleUniversity,674.0,,401-500
673,UniversityofPoitiers,675.0,,
674,UniversityofInsubria,676.0,,
675,WuhanUniversityofTechnology,677.0,,
676,UniversityofPretoria,678.0,,501-600
677,BanarasHinduUniversity,679.0,,
678,UniversityofL'Aquila,680.0,,
679,UniversityofAlicante,681.0,,
680,AmericanUniversityofBeirut,682.0,,501-600
681,UniversityofUlster,683.0,,
682,ShanghaiUniversity,684.0,,601-800
683,ComeniusUniversityBratislava,685.0,,601-800
684,UniversityofVigo,686.0,,601-800
685,UniversityofNevadaLasVegas,687.0,,
686,SwinburneUniversityofTechnology,688.0,301-400,351-400
687,TilburgUniversity,689.0,,201-250
688,UniversityofMessina,690.0,,
689,KaiserslauternUniversityofTechnology,691.0,,
690,UniversityofKent,692.0,,301-350
691,UniversityofMálaga,693.0,,
692,LoughboroughUniversity,694.0,,351-400
693,NationalTechnicalUniversityofAns,695.0,,501-600
694,LiverpoolJohnMooresUniversity,696.0,,501-600
695,SharifUniversityofTechnology,697.0,401-500,401-500
696,BirkbeckUniversityofLondon,698.0,,201-250
697,UniversityFrançoisRabelaisTours,699.0,,
698,UniversityofHaifa,700.0,,501-600
699,RomaTreUniversity,701.0,,
700,MasarykUniversity,702.0,,501-600
701,UniversityofSalerno,703.0,,
702,KingAbdullahUniversityofScienceandTechnology,704.0,301-400,
703,BeihangUniversity,705.0,301-400,
704,FuzhouUniversity,706.0,,
705,HeriotWattUniversity,707.0,,401-500
706,ChinaMedicalUniversity(Taiwan),708.0,,
707,UniversityofCantabria,709.0,,
708,RochesterInstituteofTechnology,710.0,,601-800
709,RoyalCollegeofSurgeonsIreland,711.0,,251-300
710,SanFranciscoStateUniversity,712.0,,
711,SapporoMedicalUniversity,713.0,,
712,IndianInstituteofTechnologyKanpur,714.0,,501-600
713,JohannesKeplerUniversityofLinz,715.0,,401-500
714,CzechTechnicalUniversityPrague,716.0,,501-600
715,MarquetteUniversity,717.0,,
716,MissouriUniversityofScienceandTechnology,718.0,,501-600
717,HowardUniversity,719.0,,401-500
718,AstonUniversity,720.0,,401-500
719,ÉcolenormalesupérieuredeCachan,721.0,,
720,JichiMedicalUniversity,722.0,,
721,RutgersStateUniversityofNewJerseyNewark,723.0,,
722,PalackýUniversityOlomouc,724.0,,501-600
723,AnkaraUniversity,725.0,,
724,UniversityofBelgrade,726.0,301-400,601-800
725,TohoUniversity,727.0,,
726,KyotoPrefecturalUniversityofMedicine,728.0,,
727,SwanseaUniversity,729.0,,351-400
728,UniversitédeNamur,730.0,,
729,UniversityofSzeged,731.0,401-500,601-800
730,KitasatoUniversity,732.0,,
731,HasseltUniversity,733.0,,
732,UniversityofCórdoba(Spain),734.0,,
733,ÅboAkademiUniversity,735.0,,
734,TottoriUniversity,736.0,,601-800
735,KindaiUniversity,737.0,,
736,UniversityofCastillaLaMancha,738.0,,601-800
737,UniversityofAugsburg,739.0,,
738,PaulValéryUniversityMontpellierIII,740.0,,
739,UniversityofMons,741.0,,
740,IstanbulTechnicalUniversity,742.0,,501-600
741,UniversityofNaturalResourcesandLifeSciencesVienna,743.0,,
742,NationalUniversityofLaPlata,744.0,,
743,UniversityofCalabria,745.0,,
744,UniversityofMemphis,746.0,,
745,G.d'AnnunzioUniversityChietiPescara,747.0,,
746,UniversityofMissouriSt.Louis,748.0,,
747,BeijingInstituteofTechnology,749.0,,601-800
748,UniversityofÉvryVald'Essonne,750.0,,
749,UniversityofSouthAustralia,751.0,,351-400
750,UniversityofAlabamaHuntsville,752.0,,
751,UniversityofSalzburg,753.0,,
752,UniversityofMississippiMedicalCenter,754.0,,
753,NationalResearchNuclearUniversityMEPhI,755.0,,
754,ChungAngUniversity,756.0,,501-600
755,KaohsiungMedicalUniversity,757.0,,601-800
756,UniversityofNeuchâtel,758.0,,401-500
757,UniversityofYamanashi,759.0,,
758,YamagataUniversity,760.0,,
759,NewJerseyInstituteofTechnology,761.0,,501-600
760,EastCarolinaUniversity,762.0,,
761,UniversityofHyogo,763.0,,
762,UniversityofPicardieJulesVerne,764.0,,
763,UniversityofSalento,765.0,,401-500
764,NorrnArizonaUniversity,766.0,,
765,MiguelHernándezUniversityofElche,767.0,,
766,UniversityofTehran,768.0,201-300,601-800
767,BlaisePascalUniversity,769.0,,501-600
768,YeungnamUniversity,770.0,,601-800
769,KurumeUniversity,771.0,,
770,InstitutnationaldessciencesAppliquéesdeLyon,772.0,,
771,SagaUniversity,773.0,,
772,ChongqingUniversity,774.0,,601-800
773,JikeiUniversitySchoolofMedicine,775.0,,
774,SecondMilitaryMedicalUniversity,776.0,,
775,JawaharlalNehruCentreforAdvancedScientificResearch,777.0,,
776,UniversityofNorthTexasDenton,778.0,,
777,EgeUniversity,779.0,,
778,MieUniversity,780.0,,
779,ÉcolePolytechniquedeMontréal,781.0,,
780,AGHUniversityofScienceandTechnology,782.0,,601-800
781,UniversityofElectronicScienceandTechnologyofChina,783.0,,601-800
782,UniversityofStirling,784.0,,351-400
783,UniversityofGreifswald,785.0,,301-350
784,NationalPolytechnicInstitute,786.0,,
785,JacobsUniversityBremen,787.0,,
786,CapitalMedicalUniversity,788.0,401-500,601-800
787,NorwegianUniversityofLifeSciences,789.0,,
788,MichiganTechnologicalUniversity,790.0,,
789,VilniusUniversity,791.0,,601-800
790,NorthDakotaStateUniversityMainCampus,792.0,,
791,UniversityofHohenheim,793.0,,301-350
792,UniversityofNorthCarolinaatCharlotte,794.0,,
793,ZhengzhouUniversity,795.0,,
794,CairoUniversity,796.0,401-500,601-800
795,UniversityofCaenLowerNormandy,797.0,,
796,SaitamaMedicalUniversity,798.0,,
797,UniversityofMurcia,799.0,,601-800
798,ShowaUniversity,800.0,,601-800
799,UniversityofOldenburg,801.0,,
800,MagnaGræciaUniversityofCatanzaro,802.0,,
801,NationalSunYatsenUniversity,803.0,,
802,NanjingUniversityofScienceandTechnology,804.0,,
803,UniversityofConcepción,805.0,,
804,ChungbukNationalUniversity,806.0,,
805,TaipeiMedicalUniversity,807.0,,601-800
806,JaumeIUniversity,808.0,,
807,BowlingGreenStateUniversity,809.0,,
808,NanjingUniversityofTechnology,810.0,,
809,UniversityofNewEngland(Australia),811.0,,
810,KangwonNationalUniversity,812.0,,
811,InjeUniversity,813.0,,
812,AberystwythUniversity,814.0,,301-350
813,UniversityofTechnologySydney,815.0,301-400,201-250
814,UniversityofFrancheComté,816.0,,
815,UniversityofSassari,817.0,,
816,ChiangMaiUniversity,818.0,,601-800
817,BudapestUniversityofTechnologyandEconomics,819.0,,601-800
818,UniversityofMaribor,820.0,,501-600
819,UniversityofBradford,821.0,,601-800
820,UniversityofPerpignanViaDomitia,822.0,,
821,FloridaInstituteofTechnology,823.0,,601-800
822,UniversityofBrighton,824.0,,601-800
823,UniversityofMassachusettsBoston,825.0,,
824,RiodeJaneiroStateUniversity,826.0,,
825,NagoyaInstituteofTechnology,827.0,,
826,JiangnanUniversity,828.0,,
827,MurdochUniversity,829.0,,401-500
828,UniversityofWalesTrinitySaintDavid,830.0,,
829,UniversityofRouen,831.0,,
830,CatholicUniversityofAmerica,832.0,,
831,WrightStateUniversityDayton,833.0,,
832,DankookUniversity,834.0,,
833,ClarksonUniversity,835.0,,
834,UniversityofRegina,836.0,,501-600
835,BoğaziçiUniversity,837.0,,501-600
836,KōchiUniversity,838.0,,
837,UniversityofMiyazaki,839.0,,
838,UniversityofElectroCommunications,840.0,,
839,UniversityofValladolid,841.0,,
840,BilkentUniversity,842.0,,351-400
841,DublinCityUniversity,843.0,,401-500
842,UniversityofSouthAlabama,844.0,,
843,SofiaUniversity,845.0,,
844,OceanUniversityofChina,846.0,,601-800
845,KingFahdUniversityofPetroleumandMinerals,847.0,,501-600
846,UniversityofVeterinaryMedicineVienna,848.0,,
847,UniversityofAlcalá,849.0,,601-800
848,HunterCollege,850.0,,
849,AllIndiaInstituteofMedicalSciencesNewDelhi,851.0,,
850,GaziUniversity,852.0,,
851,NationalUniversityofIrelandMaynooth,853.0,,351-400
852,TehranUniversityofMedicalSciences,854.0,,501-600
853,UniversityofRyukyus,855.0,,
854,FloridaAtlanticUniversity,856.0,,
855,UniversityofSiegen,857.0,,
856,HuazhongAgriculturalUniversity,858.0,,
857,UniversityofAngers,859.0,,
858,UniversityofSeoul,860.0,,601-800
859,BrockUniversity,861.0,,
860,FukuokaUniversity,862.0,,
861,HamamatsuUniversitySchoolofMedicine,863.0,,
862,NanjingNormalUniversity,864.0,,
863,NationalChungChengUniversity,865.0,,601-800
864,NanjingAgriculturalUniversity,866.0,,
865,UniversityofRepublic(Uruguay),867.0,,
866,SejongUniversity,868.0,,601-800
867,MakerereUniversity,869.0,,401-500
868,UniversityofNewBrunswick,870.0,,
869,NorasternUniversity(China),871.0,,
870,UniversityofExtremadura,872.0,,
871,RMITUniversity,873.0,,401-500
872,RoyalVeterinaryCollegeUniversityofLondon,874.0,,
873,ChungYuanChristianUniversity,875.0,,601-800
874,UniversityofOsnabrück,876.0,,
875,NorthwestUniversity(China),877.0,,
876,ChosunUniversity,878.0,,
877,UniversityofOrléans,879.0,,
878,JeanMonnetUniversity,880.0,,
879,ÉcolecentraledeLyon,881.0,,
880,UniversityofWesternSydney,882.0,,
881,HefeiUniversityofTechnology,883.0,,
882,UniversityofMassachusettsLowell,884.0,,
883,ManchesterMetropolitanUniversity,885.0,,501-600
884,NanjingMedicalUniversity,886.0,401-500,
885,KyotoInstituteofTechnology,887.0,,
886,ShanghaiNormalUniversity,888.0,,
887,SouthwestUniversity,889.0,,
888,AdamMickiewiczUniversityPoznań,890.0,,
889,UniversityofCalcutta,891.0,,601-800
890,UniversityofPécs,892.0,,601-800
891,QueensCollegeCityUniversityofNewYork,893.0,,
892,UniversityofLleida,894.0,,
893,NanjingUniversityofAeronauticsandAstronautics,895.0,,
894,UniversityofWesternBrittany,896.0,,
895,UniversityofNorthCarolinaatGreensboro,897.0,,501-600
896,PukyongNationalUniversity,898.0,,
897,FourthMilitaryMedicalUniversity,899.0,,
898,UniversityofFukui,900.0,,
899,UniversityofSournMississippi,901.0,,601-800
900,UniversityofMannheim,902.0,,106
901,ShimaneUniversity,903.0,,
902,ChinaUniversityofGeosciences(Wuhan),904.0,,601-800
903,Universityofssaly,905.0,,
904,OaklandUniversity,906.0,,601-800
905,WilfridLaurierUniversity,907.0,,
906,TeikyoUniversity,908.0,,
907,SaitamaUniversity,909.0,,601-800
908,TrentUniversity,910.0,,
909,NicolausCopernicusUniversityToruń,911.0,,
910,TarbiatModaresUniversity,912.0,,
911,UniversityofNorthDakota,913.0,,
912,IsfahanUniversityofTechnology,914.0,,501-600
913,FluminenseFederalUniversity,915.0,,
914,NationalTaiwanUniversityofScienceandTechnology,916.0,,
915,UniversityofLethbridge,917.0,,
916,FederalUniversityofSantaCatarina,918.0,,601-800
917,UniversityofCamerino,919.0,,
918,UniversityofBrasília,920.0,,601-800
919,UniversityofWrocław,921.0,,
920,UniversityofBasilicata,922.0,,
921,JadavpurUniversity,923.0,,501-600
922,SouthChinaNormalUniversity,924.0,,
923,UniversityofHyderabad,925.0,,
924,RitsumeikanUniversity,926.0,,
925,CarlosIIIUniversityofMadrid,927.0,,601-800
926,UniversityofCyprus,928.0,,351-400
927,UniversityofTexasatElPaso,929.0,,601-800
928,UniversityofCádiz,930.0,,
929,ShahidBeheshtiUniversityofMedicalSciences,931.0,,
930,NationalTaiwanNormalUniversity,932.0,,501-600
931,NationalUniversityofCórdoba,933.0,,601-800
932,FederalUniversityofParaná,934.0,,
933,UniversityofJaén,935.0,,
934,UniversityofCaliforniaMerced,936.0,,
935,UniversityofWaikato,937.0,,401-500
936,UniversityofCentralLancashire,938.0,,601-800
937,FederalUniversityofPernambuco,939.0,,
938,UniversityofAlmería,940.0,,
939,FederalUniversityofSãoCarlos,941.0,,601-800
940,CharlesDarwinUniversity,942.0,,251-300
941,YangzhouUniversity,943.0,,
942,WrocławUniversityofTechnology,944.0,,
943,HirosakiUniversity,945.0,,
944,NationalTaiwanOceanUniversity,946.0,,601-800
945,JiangsuUniversity,947.0,,
946,NorthwesternPolytechnicalUniversity,948.0,,601-800
947,XiangtanUniversity,949.0,,
948,UnitedArabEmiratesUniversity,950.0,,501-600
949,GachonUniversity,951.0,,
950,HallymUniversity,952.0,,
951,HarbinEngineeringUniversity,953.0,,
952,DokuzEylülUniversity,954.0,,
953,JinanUniversity,955.0,,
954,ShirazUniversity,956.0,,
955,ThirdMilitaryMedicalUniversity,957.0,,
956,AmirkabirUniversityofTechnology,958.0,,501-600
957,PublicUniversityofNavarre,959.0,,
958,FedericoSantaMaríaTechnicalUniversity,960.0,,401-500
959,FederalUniversityofABC,961.0,,
960,UniversityofPuertoRicoatMayagüez,962.0,,
961,SournMedicalUniversity,963.0,,
962,UniversityofSilesia,964.0,,
963,AinShamsUniversity,965.0,,
964,UniversityofValenciennesandHainautCambresis,966.0,,
965,ChungShanMedicalUniversity,967.0,,
966,NationalUniversityofColombia,968.0,,
967,SouthChinaAgriculturalUniversity,969.0,,
968,IbarakiUniversity,970.0,,
969,FuJenCatholicUniversity,971.0,,601-800
970,HunanNormalUniversity,972.0,,
971,UlsanNationalInstituteofScienceandTechnology,973.0,,
972,FederalUniversityofSantaMaria,974.0,,
973,ShenzhenUniversity,975.0,,
974,TianjinMedicalUniversity,976.0,,
975,BeijingUniversityofTechnology,977.0,,
976,UniversityofReimsChampagneArdenne,978.0,,
977,YuanZeUniversity,979.0,,601-800
978,UniversityofChemistryandTechnologyPrague,980.0,,601-800
979,UniversityofLimerick,981.0,,501-600
980,ChinaMedicalUniversity(PRC),982.0,,
981,FengChiaUniversity,983.0,,601-800
982,ZhejiangUniversityofTechnology,984.0,,
983,NovosibirskStateUniversity,985.0,,401-500
984,UniversityofBucharest,986.0,,601-800
985,BabeșBolyaiUniversity,987.0,,
986,MansouraUniversity,988.0,,
987,UniversityofPauandPaysdel'Adour,989.0,,
988,HenanNormalUniversity,990.0,,
989,XidianUniversity,991.0,,601-800
990,FederalUniversityofBahia,992.0,,601-800
991,SouthwestJiaotongUniversity,993.0,,
992,RyersonUniversity,994.0,,
993,KingAbdulazizUniversity,995.0,151-200,251-300
994,UniversityofAlgarve,996.0,,
995,AlexandriaUniversity,997.0,,601-800
996,FederalUniversityofCeará,998.0,,
997,UniversityofACoruña,999.0,,601-800
998,ChinaPharmaceuticalUniversity,1000.0,,
999,MassachusettsInstituteofTechnology(MIT),,3,
1000,UniversityofWashington,,15,32
1001,ImperialCollegeofScienceTechnologyandMedicine,,23,
1002,UniversityofColoradoatBoulder,,34,
1003,PierreandMarieCurieUniversityParis6,,36,
1004,UniversityofParisSud(Paris11),,41,
1005,UniversityofTexasSouthwesternMedicalCenteratDallas,,44,
1006,HeidelbergUniversity,,46,37
1007,TechnicalUniversityMunich,,51,
1008,UniversityofMunich,,52,
1009,RutgersStateUniversityofNewJerseyNewBrunswick,,64,
1010,EcoleNormaleSuperieureParis,,72,
1011,MoscowStateUniversity,,86,
1012,KULeuven,,90,35
1013,TexasA&MUniversity,,100,193
1014,UniversitélibredeBruxelles(ULB),,101-150,
1015,LondonSchoolofEconomicsandPoliticalScience,,101-150,23
1016,MayoMedicalSchool,,101-150,
1017,NorwegianUniversityofScienceandTechnologyNTNU,,101-150,
1018,UniversityofTexasM.D.AndersonCancerCenter,,101-150,
1019,UniversityofFrankfurt,,101-150,
1020,UniversityofFreiburg,,101-150,84
1021,UniversityofGoettingen,,101-150,
1022,UniversityofMassachusettsMedicalSchoolWorcester,,101-150,
1023,UniversityofMuenster,,101-150,
1024,UniversityofSaoPaulo,,101-150,
1025,UniversityofWageningen,,101-150,
1026,UniversityParisDiderotParis7,,101-150,
1027,CatholicUniversityofLouvain,,151-200,
1028,ErasmusUniversity,,151-200,
1029,JosephFourierUniversity(Grenoble1),,151-200,
1030,NorthCarolinaStateUniversityRaleigh,,151-200,
1031,OregonHealthandScienceUniversity,,151-200,201-250
1032,UniversityofKoeln,,151-200,
1033,UniversityofParisDescartes(Paris5),,151-200,
1034,UniversityofTuebingen,,151-200,
1035,UniversityofWuerzburg,,151-200,
1036,ColoradoStateUniversity,,201-300,251-300
1037,EcoleNormaleSuperieureLyon,,201-300,
1038,VrijeUniversiteitBrussel(VUB),,201-300,
1039,IndianaUniversityPurdueUniversityatIndianapolis,,201-300,
1040,KarlsruheInstituteofTechnology(KIT),,201-300,
1041,KoreaAdvancedInstituteofScienceandTechnology,,201-300,
1042,KTHRoyalInstituteofTechnology,,201-300,155
1043,PaulSabatierUniversity(Toulouse3),,201-300,
1044,PolytechnicInstituteofMilan,,201-300,
1045,UniversityofNewMexicoAlbuquerque,,201-300,
1046,ToulouseSchoolofEconomics,,201-300,
1047,TUDresden,,201-300,158
1048,UniversityofLeipzig,,201-300,
1049,UniversityofLiege,,201-300,
1050,UniversityofMainz,,201-300,
1051,UniversityofSouthFlorida,,201-300,201-250
1052,WesternUniversity,,201-300,
1053,XianJiaoTongUniversity,,201-300,
1054,ChinaMedicalUniversity,,301-400,
1055,CityUniversityofNewYorkCityCollege,,301-400,
1056,EcolePolytechnique,,301-400,
1057,ESPCIParisTech,,301-400,
1058,LinkopingUniversity,,301-400,
1059,ParisDauphineUniversity(Paris9),,301-400,
1060,ScuolaNormaleSuperiorePisa,,301-400,
1061,UniversityofNewcastleAustralia,,301-400,
1062,UmeaUniversity,,301-400,
1063,UNESP,,301-400,
1064,UniversityatAlbany(StateUniversityofNewYork),,301-400,
1065,UniversityofBochum,,301-400,
1066,UniversityofColoradoatDenver,,301-400,
1067,UniversityofDuesseldorf,,301-400,
1068,UniversityofGiessen,,301-400,
1069,UniversityofNewHampshireDurham,,301-400,
1070,WashingtonStateUniversity,,301-400,351-400
1071,CatholicUniversityofChile,,401-500,
1072,EotvosLorandUniversity,,401-500,
1073,KingFahdUniversityofPetroleum&Minerals,,401-500,
1074,MINESParisTech,,401-500,
1075,NationalSunYatSenUniversity,,401-500,501-600
1076,OklahomaStateUniversity,,401-500,501-600
1077,SoochowUniversity,,401-500,501-600
1078,StateUniversityofNewYorkHealthScienceCenteratBrooklyn,,401-500,
1079,StockholmSchoolofEconomics,,401-500,
1080,TechnicalUniversityDarmstadt,,401-500,
1081,TechnicalUniversityofBraunschweig,,401-500,
1082,TexasTechUniversity,,401-500,601-800
1083,UniversityofArkansasatFayetteville,,401-500,
1084,UniversityofArkansasatLittleRock,,401-500,
1085,UniversityofAuvergne,,401-500,
1086,UniversityofHalleWittenberg,,401-500,
1087,UniversityofHannover,,401-500,
1088,UniversityofJyvaskyla,,401-500,
1089,UniversityofOklahomaNorman,,401-500,
1090,UniversityofQuebec,,401-500,
1091,UniversityofRomaTorVergata,,401-500,
1092,UniversityofSantiagoCompostela,,401-500,
1093,ETHZurichSwissFederalInstituteofTechnologyZurich,,,9
1094,UniversityofMichigan,,,21
1095,King’sCollegeLondon,,,27
1096,LMUMunich,,,29
1097,ÉcolePolytechniqueFédéraledeLausanne,,,31
1098,WageningenUniversityandResearchCenter,,,47
1099,ÉcoleNormaleSupérieure,,,54
1100,WashingtonUniversityStLouis,,,60
1101,UniversityofMinnesota,,,65
1102,PennsylvaniaStateUniversity,,,75
1103,UniversityofPittsburgh,,,79
1104,OhioStateUniversity,,,90
1105,PurdueUniversity,,,113
1106,RutgersStateUniversityofNewJersey,,,123
1107,UniversityofMassachusetts,,,141
1108,SungkyunkwanUniversity(SKKU),,,153
1109,UniversitéCatholiquedeLouvain,,,167
1110,ScuolaSuperioreSant’Anna,,,180
1111,UniversityofWürzburg,,,185
1112,ParisSudUniversity,,,188
1113,UlmUniversity,,,192
1114,UniversityofLuxembourg,,,193
1115,CharitéUniversitätsmedizinBerlin,,,195
1116,StGeorge’sUniversityofLondon,,,196
1117,Queen’sUniversityBelfast,,,200
1118,UniversityatBuffalo,,,201-250
1119,CopenhagenBusinessSchool,,,201-250
1120,ÉcoleNormaleSupérieuredeLyon,,,201-250
1121,UniversityofHawai’iatMānoa,,,201-250
1122,IndianaUniversity,,,201-250
1123,PeterGreatStPetersburgPolytechnicUniversity,,,201-250
1124,RoyalVeterinaryCollege,,,201-250
1125,TechnicalUniversityofDarmstadt,,,201-250
1126,UniversityofWesternOntario,,,201-250
1127,William&Mary,,,201-250
1128,BayreuthUniversity,,,251-300
1129,KoçUniversity,,,251-300
1130,Queen’sUniversity,,,251-300
1131,TomskPolytechnicUniversity,,,251-300
1132,KazanFederalUniversity,,,301-350
1133,LeibnizUniversityofHanover,,,301-350
1134,MontpellierUniversity,,,301-350
1135,NationalResearchNuclearUniversityMePhI,,,301-350
1136,NationalTaiwanUniversityofScienceandTechnology(TaiwanTech),,,301-350
1137,Toulouse1CapitoleUniversity,,,301-350
1138,VŠBTechnicalUniversityofOstrava,,,301-350
1139,BinghamtonUniversityStateUniversityofNewYork,,,351-400
1140,UniversityofStGallen,,,351-400
1141,InstitutoSuperiorTécnicoLisboa,,,351-400
1142,UniversityofMissouri,,,351-400
1143,UniversityofMontana,,,351-400
1144,PanthéonSorbonneUniversityParis1,,,351-400
1145,UniversityofRomeIII,,,351-400
1146,SabancıUniversity,,,351-400
1147,UniversityofSouthCarolina,,,351-400
1148,UniversityofSouthDakota,,,351-400
1149,StateUniversityofCampinas,,,351-400
1150,UiTArcticUniversityofNorway,,,351-400
1151,UniversitéLibredeBruxelles,,,351-400
1152,Lille2UniversityHealthandLaw,,,351-400
1153,VeronaUniversity,,,351-400
1154,AmericanUniversity,,,401-500
1155,BournemouthUniversity,,,401-500
1156,BrnoUniversityofTechnology,,,401-500
1157,BrunelUniversityLondon,,,401-500
1158,Ca’FoscariUniversityofVenice,,,401-500
1159,ChinaMedicalUniversityTaiwan,,,401-500
1160,IranUniversityofScienceandTechnology,,,401-500
1161,UniversityofKaiserslautern,,,401-500
1162,LouisianaStateUniversity,,,401-500
1163,UniversityofMacau,,,401-500
1164,NationalInstituteofAppliedSciencesofLyon(INSALyon),,,401-500
1165,NewUniversityofLisbon,,,401-500
1166,OpenUniversity,,,401-500
1167,OxfordBrookesUniversity,,,401-500
1168,UniversityofRomeIITorVergata,,,401-500
1169,UniversityofRoviraiVirgili,,,401-500
1170,UniversityofSanFrancisco,,,401-500
1171,SournCrossUniversity,,,401-500
1172,StateUniversityofNewYorkAlbany,,,401-500
1173,TokyoMedicalandDentalUniversity(TMDU),,,401-500
1174,UlsterUniversity,,,401-500
1175,UniversitéduQuébecàMontréal,,,401-500
1176,UniversitiTeknologiMalaysia,,,401-500
1177,UniversityofUrbinoCarloBo,,,401-500
1178,WesternSydneyUniversity,,,401-500
1179,UniversityofAndesColombia,,,501-600
1180,UniversityofArkansas,,,501-600
1181,BabeşBolyaiUniversity,,,501-600
1182,BaumanMoscowStateTechnicalUniversity,,,501-600
1183,UniversityofCanberra,,,501-600
1184,CentralQueenslandUniversity,,,501-600
1185,DeMontfortUniversity,,,501-600
1186,EdithCowanUniversity,,,501-600
1187,IndianInstituteofTechnologyGuwahati,,,501-600
1188,LappeenrantaUniversityofTechnology,,,501-600
1189,MontanaStateUniversity,,,501-600
1190,MonterreyInstituteofTechnologyandHigherEducation,,,501-600
1191,OttovonGuerickeUniversityofMagdeburg,,,501-600
1192,ParisDauphineUniversity,,,501-600
1193,PontificalCatholicUniversityofRiodeJaneiro(PUCRio),,,501-600
1194,QuaidiazamUniversity,,,501-600
1195,UniversitédeSherbrooke,,,501-600
1196,TallinnUniversityofTechnology,,,501-600
1197,UniversityofTulsa,,,501-600
1198,Xi’anJiaotongUniversity,,,501-600
1199,AdamMickiewiczUniversity,,,601-800
1200,AlexandruIoanCuzaUniversity,,,601-800
1201,AligarhMuslimUniversity,,,601-800
1202,AmericanUniversityofSharjah,,,601-800
1203,AmritaUniversity,,,601-800
1204,AnadoluUniversity,,,601-800
1205,AndhraUniversity,,,601-800
1206,UniversityofAntioquia,,,601-800
1207,AsiaUniversityTaiwan,,,601-800
1208,AnsUniversityofEconomicsandBusiness,,,601-800
1209,AucklandUniversityofTechnology,,,601-800
1210,AustralUniversityofChile,,,601-800
1211,BelarusianStateUniversity,,,601-800
1212,BirlaInstituteofTechnologyandSciencePilani,,,601-800
1213,CaliforniaStateUniversityLongBeach,,,601-800
1214,UniversityofCergyPontoise,,,601-800
1215,ChinaUniversityofPetroleum(Beijing),,,601-800
1216,CoventryUniversity,,,601-800
1217,UniversityofDhaka,,,601-800
1218,DublinInstituteofTechnology,,,601-800
1219,ErciyesUniversity,,,601-800
1220,FederalUniversityofParaná(UFPR),,,601-800
1221,FederalUniversityofViçosa,,,601-800
1222,FederalUniversityofLavras,,,601-800
1223,GdańskUniversityofTechnology,,,601-800
1224,UniversityofGhana,,,601-800
1225,GlasgowCaledonianUniversity,,,601-800
1226,UniversityofGreenwich,,,601-800
1227,UniversityofHuddersfield,,,601-800
1228,UniversityofIbadan,,,601-800
1229,UniversityofIndonesia,,,601-800
1230,IShouUniversity,,,601-800
1231,UniversityofJordan,,,601-800
1232,JordanUniversityofScienceandTechnology,,,601-800
1233,K.N.ToosiUniversityofTechnology,,,601-800
1234,KhonKaenUniversity,,,601-800
1235,KingMongkut’sUniversityofTechnologyThonburi,,,601-800
1236,KingstonUniversity,,,601-800
1237,KinkiUniversity,,,601-800
1238,KyushuInstituteofTechnology,,,601-800
1239,UniversityofLatvia,,,601-800
1240,Lille1UniversityScienceandTechnology,,,601-800
1241,UniversityofLincoln,,,601-800
1242,UniversityofMarrakechCadiAyyad,,,601-800
1243,MiddlesexUniversity,,,601-800
1244,UniversityofNairobi,,,601-800
1245,NationalChengchiUniversity,,,601-800
1246,NationalTaipeiUniversityofTechnology,,,601-800
1247,NationalUniversityofScienceandTechnology(MISiS),,,601-800
1248,NationalUniversityofSciencesandTechnology,,,601-800
1249,NorthumbriaUniversity,,,601-800
1250,NottinghamTrentUniversity,,,601-800
1251,UniversityofPardubice,,,601-800
1252,UniversityofParisNorthParis13,,,601-800
1253,ParisSorbonneUniversityParis4,,,601-800
1254,PontificalCatholicUniversityofParaná,,,601-800
1255,PontificalCatholicUniversityofRioGrandedoSul(PUCRS),,,601-800
1256,PontificalCatholicUniversityofValparaíso,,,601-800
1257,PrinceofSongklaUniversity,,,601-800
1258,QatarUniversity,,,601-800
1259,RiodeJaneiroStateUniversity(UERJ),,,601-800
1260,UniversityofSalford,,,601-800
1261,UniversityofSantiagoChile(USACH),,,601-800
1262,SãoPauloStateUniversity(UNESP),,,601-800
1263,SavitribaiPhulePuneUniversity,,,601-800
1264,ShahidBeheshtiUniversity,,,601-800
1265,ShantouUniversity,,,601-800
1266,SheffieldHallamUniversity,,,601-800
1267,UniversityofSilesiaKatowice,,,601-800
1268,SlovakUniversityofTechnologyBratislava,,,601-800
1269,SophiaUniversity,,,601-800
1270,UniversityofSouthAfrica,,,601-800
1271,SournFederalUniversity,,,601-800
1272,UniversityofSournQueensland,,,601-800
1273,SuezCanalUniversity,,,601-800
1274,SultanQaboosUniversity,,,601-800
1275,SuranareeUniversityofTechnology,,,601-800
1276,TarasShevchenkoNationalUniversityofKyiv,,,601-800
1277,TokushimaUniversity,,,601-800
1278,TokyoUniversityofMarineScienceandTechnology,,,601-800
1279,TomskStateUniversity,,,601-800
1280,ToyohashiUniversityofTechnology,,,601-800
1281,UniversitiKebangsaanMalaysia,,,601-800
1282,UniversitiPutraMalaysia,,,601-800
1283,UniversitiSainsMalaysia,,,601-800
1284,UniversitiTeknologiMARA,,,601-800
1285,UralFederalUniversity,,,601-800
1286,V.N.KarazinKharkivNationalUniversity,,,601-800
1287,UniversityofWestBohemia,,,601-800
1288,UniversityofWestofEngland,,,601-800
1289,WestUniversityofTimişoara,,,601-800
1290,UniversityofWestminster,,,601-800
1291,YıldızTechnicalUniversity,,,601-800
